{"stats":{"minecraft:used":{"cataclysm_weaponery:ignitium_sword":23},"minecraft:custom":{"minecraft:jump":184,"minecraft:time_since_rest":7032,"minecraft:damage_dealt":61,"minecraft:crouch_one_cm":43,"minecraft:leave_game":1,"minecraft:sprint_one_cm":15028,"minecraft:play_time":7032,"minecraft:damage_taken":77,"minecraft:time_since_death":7032,"minecraft:walk_one_cm":9296,"minecraft:sneak_time":171,"minecraft:total_world_time":7032,"minecraft:mob_kills":1,"minecraft:damage_dealt_absorbed":2734,"minecraft:fall_one_cm":10058,"minecraft:fly_one_cm":48570}},"DataVersion":3120}