{
  "ars_nouveau:recipes/ars_nouveau/alchemical_sourcelink": {
    "criteria": {
      "has_journal": "2024-10-14 18:50:20 +0000"
    },
    "done": true
  },
  "ars_nouveau:recipes/ars_nouveau/red_archwood_wood": {
    "criteria": {
      "has_journal": "2024-10-14 18:50:20 +0000"
    },
    "done": true
  },
  "ars_nouveau:recipes/ars_nouveau/smooth_sourcestone_stairs": {
    "criteria": {
      "has_journal": "2024-10-14 18:50:20 +0000"
    },
    "done": true
  },
  "ars_nouveau:recipes/ars_nouveau/sourcestone_9": {
    "criteria": {
      "has_journal": "2024-10-14 18:50:20 +0000"
    },
    "done": true
  },
  "ars_nouveau:recipes/ars_nouveau/sourcestone_8": {
    "criteria": {
      "has_journal": "2024-10-14 18:50:20 +0000"
    },
    "done": true
  },
  "ars_nouveau:recipes/ars_nouveau/source_berry_roll": {
    "criteria": {
      "has_journal": "2024-10-14 18:50:20 +0000"
    },
    "done": true
  },
  "ars_nouveau:recipes/ars_nouveau/sourcestone_7": {
    "criteria": {
      "has_journal": "2024-10-14 18:50:20 +0000"
    },
    "done": true
  },
  "ars_nouveau:recipes/ars_nouveau/sourcestone_6": {
    "criteria": {
      "has_journal": "2024-10-14 18:50:20 +0000"
    },
    "done": true
  },
  "ars_nouveau:recipes/ars_nouveau/sourcestone_5": {
    "criteria": {
      "has_journal": "2024-10-14 18:50:20 +0000"
    },
    "done": true
  },
  "ars_nouveau:recipes/ars_nouveau/sourcestone_20": {
    "criteria": {
      "has_journal": "2024-10-14 18:50:20 +0000"
    },
    "done": true
  },
  "ars_nouveau:recipes/ars_nouveau/ritual_conjure_island_plains": {
    "criteria": {
      "has_journal": "2024-10-14 18:50:20 +0000"
    },
    "done": true
  },
  "ars_nouveau:recipes/ars_nouveau/sourcestone_4": {
    "criteria": {
      "has_journal": "2024-10-14 18:50:20 +0000"
    },
    "done": true
  },
  "ars_nouveau:recipes/ars_nouveau/sourcestone_21": {
    "criteria": {
      "has_journal": "2024-10-14 18:50:20 +0000"
    },
    "done": true
  },
  "ars_nouveau:recipes/ars_nouveau/stripped_red_archwood_wood": {
    "criteria": {
      "has_journal": "2024-10-14 18:50:20 +0000"
    },
    "done": true
  },
  "ars_nouveau:recipes/ars_nouveau/sourcestone_3": {
    "criteria": {
      "has_journal": "2024-10-14 18:50:20 +0000"
    },
    "done": true
  },
  "ars_nouveau:recipes/ars_nouveau/sourcestone_2": {
    "criteria": {
      "has_journal": "2024-10-14 18:50:20 +0000"
    },
    "done": true
  },
  "ars_nouveau:recipes/ars_nouveau/sourcestone_1": {
    "criteria": {
      "has_journal": "2024-10-14 18:50:20 +0000"
    },
    "done": true
  },
  "ars_nouveau:recipes/ars_nouveau/ritual_disintegration": {
    "criteria": {
      "has_journal": "2024-10-14 18:50:20 +0000"
    },
    "done": true
  },
  "ars_nouveau:recipes/ars_nouveau/smooth_sourcestone_alternating_stonecutter_stair": {
    "criteria": {
      "has_journal": "2024-10-14 18:50:20 +0000"
    },
    "done": true
  },
  "naturescompass:natures_compass": {
    "criteria": {
      "has_compass": "2024-10-14 18:50:20 +0000"
    },
    "done": true
  },
  "tconstruct:tools/materials_and_you": {
    "criteria": {
      "crafted_book": "2024-10-14 18:50:20 +0000"
    },
    "done": true
  },
  "ars_nouveau:recipes/ars_nouveau/sourcestone_17": {
    "criteria": {
      "has_journal": "2024-10-14 18:50:20 +0000"
    },
    "done": true
  },
  "ars_nouveau:recipes/ars_nouveau/sky_block": {
    "criteria": {
      "has_journal": "2024-10-14 18:50:20 +0000"
    },
    "done": true
  },
  "ars_nouveau:recipes/ars_nouveau/sourcestone_18": {
    "criteria": {
      "has_journal": "2024-10-14 18:50:20 +0000"
    },
    "done": true
  },
  "tconstruct:internal/starting_book": {
    "criteria": {
      "tick": "2024-10-14 18:50:20 +0000"
    },
    "done": true
  },
  "ars_nouveau:recipes/ars_nouveau/sourcestone_19": {
    "criteria": {
      "has_journal": "2024-10-14 18:50:20 +0000"
    },
    "done": true
  },
  "ars_nouveau:recipes/building_blocks/manipulation_essence_to_calcite": {
    "criteria": {
      "has_journal": "2024-10-14 18:50:20 +0000"
    },
    "done": true
  },
  "ars_nouveau:recipes/ars_nouveau/ritual_challenge": {
    "criteria": {
      "has_journal": "2024-10-14 18:50:20 +0000"
    },
    "done": true
  },
  "ars_nouveau:recipes/ars_nouveau/lava_lily": {
    "criteria": {
      "has_journal": "2024-10-14 18:50:20 +0000"
    },
    "done": true
  },
  "feruchemy:feruchemy/cadmium": {
    "criteria": {
      "has_item": "2024-10-14 18:52:25 +0000"
    },
    "done": true
  },
  "ars_nouveau:recipes/misc/sourceberry_to_purple": {
    "criteria": {
      "has_journal": "2024-10-14 18:50:20 +0000"
    },
    "done": true
  },
  "ars_nouveau:recipes/ars_nouveau/allow_scroll": {
    "criteria": {
      "has_journal": "2024-10-14 18:50:20 +0000"
    },
    "done": true
  },
  "ars_nouveau:recipes/ars_nouveau/stripped_purple_archwood_wood": {
    "criteria": {
      "has_journal": "2024-10-14 18:50:20 +0000"
    },
    "done": true
  },
  "ars_nouveau:recipes/ars_nouveau/falseweave": {
    "criteria": {
      "has_journal": "2024-10-14 18:50:20 +0000"
    },
    "done": true
  },
  "ars_nouveau:recipes/ars_nouveau/mundane_belt": {
    "criteria": {
      "has_journal": "2024-10-14 18:50:20 +0000"
    },
    "done": true
  },
  "ars_nouveau:recipes/ars_nouveau/gilded_sourcestone_small_bricks_slab": {
    "criteria": {
      "has_journal": "2024-10-14 18:50:20 +0000"
    },
    "done": true
  },
  "ars_nouveau:recipes/ars_nouveau/green_sbed": {
    "criteria": {
      "has_journal": "2024-10-14 18:50:20 +0000"
    },
    "done": true
  },
  "iceandfire:iceandfire/root": {
    "criteria": {
      "tick": "2024-10-14 18:50:20 +0000"
    },
    "done": true
  },
  "ars_nouveau:recipes/ars_nouveau/archwood_fence_gate": {
    "criteria": {
      "has_journal": "2024-10-14 18:50:20 +0000"
    },
    "done": true
  },
  "minecraft:recipes/decorations/chest": {
    "criteria": {
      "has_lots_of_items": "2024-10-14 18:52:25 +0000"
    },
    "done": true
  },
  "ars_nouveau:recipes/ars_nouveau/smooth_gilded_sourcestone_small_bricks_stone_cutterslab": {
    "criteria": {
      "has_journal": "2024-10-14 18:50:20 +0000"
    },
    "done": true
  },
  "ars_nouveau:recipes/ars_nouveau/sourcestone_mosaic_stairs": {
    "criteria": {
      "has_journal": "2024-10-14 18:50:20 +0000"
    },
    "done": true
  },
  "ars_nouveau:recipes/ars_nouveau/sunrise_2": {
    "criteria": {
      "has_journal": "2024-10-14 18:50:20 +0000"
    },
    "done": true
  },
  "ars_nouveau:recipes/ars_nouveau/sourcestone_alternating_stonecutter_stair": {
    "criteria": {
      "has_journal": "2024-10-14 18:50:20 +0000"
    },
    "done": true
  },
  "ars_nouveau:recipes/ars_nouveau/volcanic_sourcelink": {
    "criteria": {
      "has_journal": "2024-10-14 18:50:20 +0000"
    },
    "done": true
  },
  "ars_nouveau:recipes/ars_nouveau/ritual_cloudshaping": {
    "criteria": {
      "has_journal": "2024-10-14 18:50:20 +0000"
    },
    "done": true
  },
  "ars_nouveau:recipes/ars_nouveau/smooth_gilded_sourcestone_mosaic_to_sourcestone": {
    "criteria": {
      "has_journal": "2024-10-14 18:50:20 +0000"
    },
    "done": true
  },
  "1_splatus:ultris/giantdefeat": {
    "criteria": {
      "c1": "2024-10-14 18:56:00 +0000"
    },
    "done": true
  },
  "1_splatus:ultris/completed": {
    "criteria": {
      "giant": "2024-10-14 18:56:00 +0000"
    },
    "done": false
  },
  "ars_nouveau:recipes/ars_nouveau/smooth_sourcestone_basketweave_stairs": {
    "criteria": {
      "has_journal": "2024-10-14 18:50:20 +0000"
    },
    "done": true
  },
  "ars_nouveau:recipes/ars_nouveau/blue_sbed": {
    "criteria": {
      "has_journal": "2024-10-14 18:50:20 +0000"
    },
    "done": true
  },
  "ars_nouveau:recipes/ars_nouveau/gilded_sourcestone_basketweave_to_sourcestone": {
    "criteria": {
      "has_journal": "2024-10-14 18:50:20 +0000"
    },
    "done": true
  },
  "ars_nouveau:recipes/ars_nouveau/ring_of_potential": {
    "criteria": {
      "has_journal": "2024-10-14 18:50:20 +0000"
    },
    "done": true
  },
  "ars_nouveau:recipes/ars_nouveau/scribes_table": {
    "criteria": {
      "has_journal": "2024-10-14 18:50:20 +0000"
    },
    "done": true
  },
  "ars_nouveau:recipes/ars_nouveau/sourcestone_alternating_stairs": {
    "criteria": {
      "has_journal": "2024-10-14 18:50:20 +0000"
    },
    "done": true
  },
  "ars_nouveau:recipes/ars_nouveau/smooth_gilded_sourcestone_mosaic_stone_cutterslab": {
    "criteria": {
      "has_journal": "2024-10-14 18:50:20 +0000"
    },
    "done": true
  },
  "ars_nouveau:recipes/ars_nouveau/smooth_gilded_sourcestone_small_bricks_slab": {
    "criteria": {
      "has_journal": "2024-10-14 18:50:20 +0000"
    },
    "done": true
  },
  "ars_nouveau:recipes/building_blocks/conjuration_essence_to_soul_sand": {
    "criteria": {
      "has_journal": "2024-10-14 18:50:20 +0000"
    },
    "done": true
  },
  "ars_nouveau:recipes/ars_nouveau/ritual_containment": {
    "criteria": {
      "has_journal": "2024-10-14 18:50:20 +0000"
    },
    "done": true
  },
  "ars_nouveau:recipes/ars_nouveau/archwood_fence": {
    "criteria": {
      "has_journal": "2024-10-14 18:50:20 +0000"
    },
    "done": true
  },
  "ars_nouveau:recipes/ars_nouveau/arcane_core": {
    "criteria": {
      "has_journal": "2024-10-14 18:50:20 +0000"
    },
    "done": true
  },
  "ars_nouveau:recipes/ars_nouveau/smooth_sourcestone_large_bricks_stairs": {
    "criteria": {
      "has_journal": "2024-10-14 18:50:20 +0000"
    },
    "done": true
  },
  "ars_nouveau:recipes/ars_nouveau/smooth_sourcestone_basketweave_stonecutter_stair": {
    "criteria": {
      "has_journal": "2024-10-14 18:50:20 +0000"
    },
    "done": true
  },
  "mutantmonsters:root": {
    "criteria": {
      "killed_something": "2024-10-14 18:56:01 +0000"
    },
    "done": true
  },
  "ars_nouveau:recipes/misc/water_essence_to_bucket": {
    "criteria": {
      "has_journal": "2024-10-14 18:50:20 +0000"
    },
    "done": true
  },
  "ars_nouveau:recipes/ars_nouveau/gilded_sourcestone_basketweave_stonecutter_stair": {
    "criteria": {
      "has_journal": "2024-10-14 18:50:20 +0000"
    },
    "done": true
  },
  "ars_nouveau:recipes/ars_nouveau/stripped_blue_archwood_wood": {
    "criteria": {
      "has_journal": "2024-10-14 18:50:20 +0000"
    },
    "done": true
  },
  "ars_nouveau:recipes/ars_nouveau/starbuncle_shades": {
    "criteria": {
      "has_journal": "2024-10-14 18:50:20 +0000"
    },
    "done": true
  },
  "feruchemy:feruchemy/pewter": {
    "criteria": {
      "has_item": "2024-10-14 18:52:25 +0000"
    },
    "done": true
  },
  "ars_nouveau:recipes/ars_nouveau/purple_archwood_wood": {
    "criteria": {
      "has_journal": "2024-10-14 18:50:20 +0000"
    },
    "done": true
  },
  "ars_nouveau:recipes/ars_nouveau/manipulation_essence_to_blazin_sapling": {
    "criteria": {
      "has_journal": "2024-10-14 18:50:20 +0000"
    },
    "done": true
  },
  "ars_nouveau:recipes/ars_nouveau/dull_trinket": {
    "criteria": {
      "has_journal": "2024-10-14 18:50:20 +0000"
    },
    "done": true
  },
  "ars_nouveau:recipes/building_blocks/manipulation_essence_to_andesite": {
    "criteria": {
      "has_journal": "2024-10-14 18:50:20 +0000"
    },
    "done": true
  },
  "ars_nouveau:recipes/ars_nouveau/sourcestone_basketweave_stonecutter_stair": {
    "criteria": {
      "has_journal": "2024-10-14 18:50:20 +0000"
    },
    "done": true
  },
  "ars_nouveau:recipes/ars_nouveau/sourcestone_10": {
    "criteria": {
      "has_journal": "2024-10-14 18:50:20 +0000"
    },
    "done": true
  },
  "ars_nouveau:recipes/building_blocks/manipulation_essence_to_mycelium": {
    "criteria": {
      "has_journal": "2024-10-14 18:50:20 +0000"
    },
    "done": true
  },
  "ars_nouveau:recipes/ars_nouveau/sourcestone_11": {
    "criteria": {
      "has_journal": "2024-10-14 18:50:20 +0000"
    },
    "done": true
  },
  "naturescompass:natures_compass_sapling": {
    "criteria": {
      "has_recipe": "2024-10-14 18:50:20 +0000"
    },
    "done": true
  },
  "ars_nouveau:recipes/ars_nouveau/sourcestone_12": {
    "criteria": {
      "has_journal": "2024-10-14 18:50:20 +0000"
    },
    "done": true
  },
  "ars_nouveau:recipes/ars_nouveau/sourcestone_13": {
    "criteria": {
      "has_journal": "2024-10-14 18:50:20 +0000"
    },
    "done": true
  },
  "ars_nouveau:recipes/ars_nouveau/sourcestone_14": {
    "criteria": {
      "has_journal": "2024-10-14 18:50:20 +0000"
    },
    "done": true
  },
  "ars_nouveau:recipes/ars_nouveau/sourcestone_15": {
    "criteria": {
      "has_journal": "2024-10-14 18:50:20 +0000"
    },
    "done": true
  },
  "ars_nouveau:recipes/ars_nouveau/sourcestone_16": {
    "criteria": {
      "has_journal": "2024-10-14 18:50:20 +0000"
    },
    "done": true
  },
  "ars_nouveau:recipes/ars_nouveau/archwood_planks": {
    "criteria": {
      "has_journal": "2024-10-14 18:50:20 +0000"
    },
    "done": true
  },
  "ars_nouveau:recipes/ars_nouveau/orange_sbed": {
    "criteria": {
      "has_journal": "2024-10-14 18:50:20 +0000"
    },
    "done": true
  },
  "ars_nouveau:recipes/ars_nouveau/repository": {
    "criteria": {
      "has_journal": "2024-10-14 18:50:20 +0000"
    },
    "done": true
  },
  "ars_nouveau:recipes/ars_nouveau/potion_diffuser": {
    "criteria": {
      "has_journal": "2024-10-14 18:50:20 +0000"
    },
    "done": true
  },
  "ars_nouveau:recipes/ars_nouveau/ritual_flowering": {
    "criteria": {
      "has_journal": "2024-10-14 18:50:20 +0000"
    },
    "done": true
  },
  "occultism:occultism/root": {
    "criteria": {
      "occultism_present": "2024-10-14 18:50:20 +0000"
    },
    "done": true
  },
  "ars_nouveau:recipes/ars_nouveau/mycelial_sourcelink": {
    "criteria": {
      "has_journal": "2024-10-14 18:50:20 +0000"
    },
    "done": true
  },
  "ars_nouveau:recipes/ars_nouveau/ritual_fertility": {
    "criteria": {
      "has_journal": "2024-10-14 18:50:20 +0000"
    },
    "done": true
  },
  "cosmere:grant_book_on_first_join": {
    "criteria": {
      "tick": "2024-10-14 18:50:20 +0000"
    },
    "done": true
  },
  "ars_nouveau:recipes/ars_nouveau/yellow_sbed": {
    "criteria": {
      "has_journal": "2024-10-14 18:50:20 +0000"
    },
    "done": true
  },
  "ars_nouveau:recipes/ars_nouveau/platform_to_pedestal": {
    "criteria": {
      "has_journal": "2024-10-14 18:50:20 +0000"
    },
    "done": true
  },
  "ars_nouveau:recipes/ars_nouveau/gilded_sourcestone_mosaic_slab": {
    "criteria": {
      "has_journal": "2024-10-14 18:50:20 +0000"
    },
    "done": true
  },
  "ars_nouveau:recipes/ars_nouveau/item_detector": {
    "criteria": {
      "has_journal": "2024-10-14 18:50:20 +0000"
    },
    "done": true
  },
  "ars_nouveau:recipes/ars_nouveau/smooth_sourcestone_mosaic_stone_cutterslab": {
    "criteria": {
      "has_journal": "2024-10-14 18:50:20 +0000"
    },
    "done": true
  },
  "ars_nouveau:recipes/ars_nouveau/gilded_sourcestone_small_bricks_stairs": {
    "criteria": {
      "has_journal": "2024-10-14 18:50:20 +0000"
    },
    "done": true
  },
  "ars_nouveau:recipes/ars_nouveau/sourcestone_basketweave_stone_cutterslab": {
    "criteria": {
      "has_journal": "2024-10-14 18:50:20 +0000"
    },
    "done": true
  },
  "ars_nouveau:recipes/ars_nouveau/sourcestone_large_bricks_stone_cutterslab": {
    "criteria": {
      "has_journal": "2024-10-14 18:50:20 +0000"
    },
    "done": true
  },
  "ars_nouveau:recipes/ars_nouveau/gilded_sourcestone_basketweave_stairs": {
    "criteria": {
      "has_journal": "2024-10-14 18:50:20 +0000"
    },
    "done": true
  },
  "ars_nouveau:recipes/ars_nouveau/sconce": {
    "criteria": {
      "has_journal": "2024-10-14 18:50:20 +0000"
    },
    "done": true
  },
  "ars_nouveau:recipes/ars_nouveau/smooth_sourcestone_mosaic_slab": {
    "criteria": {
      "has_journal": "2024-10-14 18:50:20 +0000"
    },
    "done": true
  },
  "ars_nouveau:recipes/ars_nouveau/sourcestone_small_bricks_stonecutter_stair": {
    "criteria": {
      "has_journal": "2024-10-14 18:50:20 +0000"
    },
    "done": true
  },
  "ars_nouveau:recipes/ars_nouveau/smooth_sourcestone_small_bricks_stonecutter_stair": {
    "criteria": {
      "has_journal": "2024-10-14 18:50:20 +0000"
    },
    "done": true
  },
  "ars_nouveau:recipes/ars_nouveau/magebloom_block_to_magebloom": {
    "criteria": {
      "has_journal": "2024-10-14 18:50:20 +0000"
    },
    "done": true
  },
  "ars_nouveau:recipes/building_blocks/manipulation_essence_to_diorite": {
    "criteria": {
      "has_journal": "2024-10-14 18:50:20 +0000"
    },
    "done": true
  },
  "ars_nouveau:recipes/ars_nouveau/ritual_wilden_summon": {
    "criteria": {
      "has_journal": "2024-10-14 18:50:20 +0000"
    },
    "done": true
  },
  "ars_nouveau:root": {
    "criteria": {
      "ars_nouveau:worn_notebook": "2024-10-14 18:50:20 +0000"
    },
    "done": true
  },
  "ars_nouveau:recipes/ars_nouveau/blue_archwood_wood": {
    "criteria": {
      "has_journal": "2024-10-14 18:50:20 +0000"
    },
    "done": true
  },
  "ars_nouveau:recipes/ars_nouveau/sourcestone_mosaic_stonecutter_stair": {
    "criteria": {
      "has_journal": "2024-10-14 18:50:20 +0000"
    },
    "done": true
  },
  "ars_nouveau:recipes/ars_nouveau/greater_experience_gem": {
    "criteria": {
      "has_journal": "2024-10-14 18:50:20 +0000"
    },
    "done": true
  },
  "ars_nouveau:recipes/ars_nouveau/end_fiber": {
    "criteria": {
      "has_journal": "2024-10-14 18:50:20 +0000"
    },
    "done": true
  },
  "1_splatus:ultris/giantrevive": {
    "criteria": {
      "c1": "2024-10-14 18:54:09 +0000"
    },
    "done": true
  },
  "ars_nouveau:recipes/ars_nouveau/deny_scroll": {
    "criteria": {
      "has_journal": "2024-10-14 18:50:20 +0000"
    },
    "done": true
  },
  "ars_nouveau:recipes/ars_nouveau/smooth_sourcestone_small_bricks_stairs": {
    "criteria": {
      "has_journal": "2024-10-14 18:50:20 +0000"
    },
    "done": true
  },
  "ars_nouveau:recipes/ars_nouveau/ritual_sunrise": {
    "criteria": {
      "has_journal": "2024-10-14 18:50:20 +0000"
    },
    "done": true
  },
  "ars_nouveau:recipes/ars_nouveau/rotating_spell_turret": {
    "criteria": {
      "has_journal": "2024-10-14 18:50:20 +0000"
    },
    "done": true
  },
  "ars_nouveau:recipes/ars_nouveau/ritual_restoration": {
    "criteria": {
      "has_journal": "2024-10-14 18:50:20 +0000"
    },
    "done": true
  },
  "ars_nouveau:recipes/ars_nouveau/wipe_starby_shard": {
    "criteria": {
      "has_journal": "2024-10-14 18:50:20 +0000"
    },
    "done": true
  },
  "ars_nouveau:recipes/ars_nouveau/blank_parchment": {
    "criteria": {
      "has_journal": "2024-10-14 18:50:20 +0000"
    },
    "done": true
  },
  "minecraft:adventure/root": {
    "criteria": {
      "killed_something": "2024-10-14 18:56:01 +0000"
    },
    "done": true
  },
  "ars_nouveau:recipes/ars_nouveau/warp_scroll": {
    "criteria": {
      "has_journal": "2024-10-14 18:50:20 +0000"
    },
    "done": true
  },
  "ars_nouveau:recipes/ars_nouveau/sourcestone_small_bricks_slab": {
    "criteria": {
      "has_journal": "2024-10-14 18:50:20 +0000"
    },
    "done": true
  },
  "ars_nouveau:recipes/decorations/manipulation_essence_to_moss_block": {
    "criteria": {
      "has_journal": "2024-10-14 18:50:20 +0000"
    },
    "done": true
  },
  "ars_nouveau:recipes/ars_nouveau/agronomic_sourcelink": {
    "criteria": {
      "has_journal": "2024-10-14 18:50:20 +0000"
    },
    "done": true
  },
  "ars_nouveau:recipes/ars_nouveau/annotated_codex": {
    "criteria": {
      "has_journal": "2024-10-14 18:50:20 +0000"
    },
    "done": true
  },
  "ars_nouveau:recipes/ars_nouveau/smooth_sourcestone_large_bricks_stone_cutterslab": {
    "criteria": {
      "has_journal": "2024-10-14 18:50:20 +0000"
    },
    "done": true
  },
  "ars_nouveau:recipes/ars_nouveau/gilded_sourcestone_large_bricks_to_sourcestone": {
    "criteria": {
      "has_journal": "2024-10-14 18:50:20 +0000"
    },
    "done": true
  },
  "ars_nouveau:recipes/ars_nouveau/archwood_chest": {
    "criteria": {
      "has_journal": "2024-10-14 18:50:20 +0000"
    },
    "done": true
  },
  "ars_nouveau:recipes/misc/fire_essence_to_charge": {
    "criteria": {
      "has_journal": "2024-10-14 18:50:20 +0000"
    },
    "done": true
  },
  "ars_nouveau:recipes/ars_nouveau/ritual_sanctuary": {
    "criteria": {
      "has_journal": "2024-10-14 18:50:20 +0000"
    },
    "done": true
  },
  "ars_nouveau:recipes/ars_nouveau/smooth_sourcestone_basketweave_to_sourcestone": {
    "criteria": {
      "has_journal": "2024-10-14 18:50:20 +0000"
    },
    "done": true
  },
  "ars_nouveau:recipes/ars_nouveau/ritual_awakening": {
    "criteria": {
      "has_journal": "2024-10-14 18:50:20 +0000"
    },
    "done": true
  },
  "ars_nouveau:recipes/ars_nouveau/ghostweave": {
    "criteria": {
      "has_journal": "2024-10-14 18:50:20 +0000"
    },
    "done": true
  },
  "ars_nouveau:recipes/misc/spike_to_dye": {
    "criteria": {
      "has_journal": "2024-10-14 18:50:20 +0000"
    },
    "done": true
  },
  "ars_nouveau:recipes/ars_nouveau/smooth_sourcestone_large_bricks_stonecutter_stair": {
    "criteria": {
      "has_journal": "2024-10-14 18:50:20 +0000"
    },
    "done": true
  },
  "ars_nouveau:recipes/ars_nouveau/gilded_sourcestone_alternating_slab": {
    "criteria": {
      "has_journal": "2024-10-14 18:50:20 +0000"
    },
    "done": true
  },
  "ars_nouveau:recipes/ars_nouveau/smooth_gilded_sourcestone_alternating_stonecutter_stair": {
    "criteria": {
      "has_journal": "2024-10-14 18:50:20 +0000"
    },
    "done": true
  },
  "ars_nouveau:recipes/ars_nouveau/gilded_sourcestone_mosaic_to_sourcestone": {
    "criteria": {
      "has_journal": "2024-10-14 18:50:20 +0000"
    },
    "done": true
  },
  "ars_nouveau:recipes/ars_nouveau/sourcestone_basketweave_slab": {
    "criteria": {
      "has_journal": "2024-10-14 18:50:20 +0000"
    },
    "done": true
  },
  "ars_nouveau:recipes/ars_nouveau/manipulation_essence_to_vexing_sapling": {
    "criteria": {
      "has_journal": "2024-10-14 18:50:20 +0000"
    },
    "done": true
  },
  "ars_nouveau:recipes/ars_nouveau/smooth_gilded_sourcestone_mosaic_stonecutter_stair": {
    "criteria": {
      "has_journal": "2024-10-14 18:50:20 +0000"
    },
    "done": true
  },
  "ars_nouveau:recipes/ars_nouveau/sourcestone": {
    "criteria": {
      "has_journal": "2024-10-14 18:50:20 +0000"
    },
    "done": true
  },
  "ars_nouveau:recipes/ars_nouveau/wixie_hat": {
    "criteria": {
      "has_journal": "2024-10-14 18:50:20 +0000"
    },
    "done": true
  },
  "ars_nouveau:recipes/ars_nouveau/smooth_gilded_sourcestone_basketweave_stairs": {
    "criteria": {
      "has_journal": "2024-10-14 18:50:20 +0000"
    },
    "done": true
  },
  "ars_nouveau:recipes/ars_nouveau/gilded_sourcestone_alternating_stonecutter_stair": {
    "criteria": {
      "has_journal": "2024-10-14 18:50:20 +0000"
    },
    "done": true
  },
  "ars_nouveau:recipes/ars_nouveau/void_prism": {
    "criteria": {
      "has_journal": "2024-10-14 18:50:20 +0000"
    },
    "done": true
  },
  "create:root": {
    "criteria": {
      "0": "2024-10-14 18:50:20 +0000"
    },
    "done": true
  },
  "betterdeserttemples:root": {
    "criteria": {
      "always": "2024-10-14 18:50:20 +0000"
    },
    "done": true
  },
  "naturescompass:natures_compass_log": {
    "criteria": {
      "has_recipe": "2024-10-14 18:50:20 +0000"
    },
    "done": true
  },
  "ars_nouveau:recipes/ars_nouveau/ritual_binding": {
    "criteria": {
      "has_journal": "2024-10-14 18:50:20 +0000"
    },
    "done": true
  },
  "ars_nouveau:recipes/ars_nouveau/potion_jar_empty": {
    "criteria": {
      "has_journal": "2024-10-14 18:50:20 +0000"
    },
    "done": true
  },
  "ars_nouveau:recipes/ars_nouveau/sourcestone_mosaic_to_sourcestone": {
    "criteria": {
      "has_journal": "2024-10-14 18:50:20 +0000"
    },
    "done": true
  },
  "ars_nouveau:recipes/ars_nouveau/red_sbed": {
    "criteria": {
      "has_journal": "2024-10-14 18:50:20 +0000"
    },
    "done": true
  },
  "ars_nouveau:recipes/ars_nouveau/sourcestone_large_bricks_stonecutter_stair": {
    "criteria": {
      "has_journal": "2024-10-14 18:50:20 +0000"
    },
    "done": true
  },
  "ars_nouveau:recipes/misc/magebloom_to_pink": {
    "criteria": {
      "has_journal": "2024-10-14 18:50:20 +0000"
    },
    "done": true
  },
  "ars_nouveau:recipes/ars_nouveau/smooth_gilded_sourcestone_basketweave_slab": {
    "criteria": {
      "has_journal": "2024-10-14 18:50:20 +0000"
    },
    "done": true
  },
  "ars_nouveau:recipes/ars_nouveau/worn_notebook": {
    "criteria": {
      "has_journal": "2024-10-14 18:50:20 +0000"
    },
    "done": true
  },
  "ars_nouveau:recipes/ars_nouveau/archwood_stairs": {
    "criteria": {
      "has_journal": "2024-10-14 18:50:20 +0000"
    },
    "done": true
  },
  "feruchemy:feruchemy/brass": {
    "criteria": {
      "has_item": "2024-10-14 18:52:52 +0000"
    },
    "done": true
  },
  "ars_nouveau:recipes/ars_nouveau/smooth_gilded_sourcestone_small_bricks_stairs": {
    "criteria": {
      "has_journal": "2024-10-14 18:50:20 +0000"
    },
    "done": true
  },
  "ars_nouveau:recipes/ars_nouveau/ritual_animal_summon": {
    "criteria": {
      "has_journal": "2024-10-14 18:50:20 +0000"
    },
    "done": true
  },
  "ars_nouveau:recipes/ars_nouveau/archwood_button": {
    "criteria": {
      "has_journal": "2024-10-14 18:50:20 +0000"
    },
    "done": true
  },
  "ars_nouveau:recipes/ars_nouveau/smooth_gilded_sourcestone_alternating_to_sourcestone": {
    "criteria": {
      "has_journal": "2024-10-14 18:50:20 +0000"
    },
    "done": true
  },
  "ars_nouveau:recipes/misc/wing_to_leather": {
    "criteria": {
      "has_journal": "2024-10-14 18:50:20 +0000"
    },
    "done": true
  },
  "ars_nouveau:recipes/ars_nouveau/sourcestone_basketweave_to_sourcestone": {
    "criteria": {
      "has_journal": "2024-10-14 18:50:20 +0000"
    },
    "done": true
  },
  "ars_nouveau:recipes/ars_nouveau/smooth_sourcestone_alternating_slab": {
    "criteria": {
      "has_journal": "2024-10-14 18:50:20 +0000"
    },
    "done": true
  },
  "ars_nouveau:recipes/ars_nouveau/smooth_gilded_sourcestone_mosaic_slab": {
    "criteria": {
      "has_journal": "2024-10-14 18:50:20 +0000"
    },
    "done": true
  },
  "ars_nouveau:recipes/ars_nouveau/source_jar": {
    "criteria": {
      "has_journal": "2024-10-14 18:50:20 +0000"
    },
    "done": true
  },
  "modonomicon:modonomicon/root": {
    "criteria": {
      "modonomicon_present": "2024-10-14 18:50:20 +0000"
    },
    "done": true
  },
  "feruchemy:feruchemy/electrum": {
    "criteria": {
      "has_item": "2024-10-14 18:50:20 +0000"
    },
    "done": true
  },
  "ars_nouveau:recipes/ars_nouveau/smooth_sourcestone_mosaic_stonecutter_stair": {
    "criteria": {
      "has_journal": "2024-10-14 18:50:20 +0000"
    },
    "done": true
  },
  "ars_nouveau:recipes/ars_nouveau/archwood_pressure_plate": {
    "criteria": {
      "has_journal": "2024-10-14 18:50:20 +0000"
    },
    "done": true
  },
  "ars_nouveau:recipes/ars_nouveau/gilded_sourcestone_small_bricks_to_sourcestone": {
    "criteria": {
      "has_journal": "2024-10-14 18:50:20 +0000"
    },
    "done": true
  },
  "feruchemy:feruchemy/duralumin": {
    "criteria": {
      "has_item": "2024-10-14 18:53:01 +0000"
    },
    "done": true
  },
  "ars_nouveau:recipes/ars_nouveau/gilded_sourcestone_basketweave_slab": {
    "criteria": {
      "has_journal": "2024-10-14 18:50:20 +0000"
    },
    "done": true
  },
  "ars_nouveau:recipes/ars_nouveau/blank_thread": {
    "criteria": {
      "has_journal": "2024-10-14 18:50:20 +0000"
    },
    "done": true
  },
  "ars_nouveau:recipes/ars_nouveau/gilded_sourcestone_large_bricks_stonecutter_stair": {
    "criteria": {
      "has_journal": "2024-10-14 18:50:20 +0000"
    },
    "done": true
  },
  "ars_nouveau:recipes/ars_nouveau/challenge_2": {
    "criteria": {
      "has_journal": "2024-10-14 18:50:20 +0000"
    },
    "done": true
  },
  "ars_nouveau:recipes/ars_nouveau/dowsing_rod": {
    "criteria": {
      "has_journal": "2024-10-14 18:50:20 +0000"
    },
    "done": true
  },
  "ars_nouveau:recipes/ars_nouveau/imbuement_chamber": {
    "criteria": {
      "has_journal": "2024-10-14 18:50:20 +0000"
    },
    "done": true
  },
  "ars_nouveau:recipes/ars_nouveau/runic_chalk": {
    "criteria": {
      "has_journal": "2024-10-14 18:50:20 +0000"
    },
    "done": true
  },
  "ars_nouveau:recipes/ars_nouveau/sourcestone_small_bricks_stone_cutterslab": {
    "criteria": {
      "has_journal": "2024-10-14 18:50:20 +0000"
    },
    "done": true
  },
  "ars_nouveau:recipes/building_blocks/conjuration_essence_to_end_stone": {
    "criteria": {
      "has_journal": "2024-10-14 18:50:20 +0000"
    },
    "done": true
  },
  "ars_nouveau:recipes/ars_nouveau/gilded_sourcestone_small_bricks_stone_cutterslab": {
    "criteria": {
      "has_journal": "2024-10-14 18:50:20 +0000"
    },
    "done": true
  },
  "ars_nouveau:recipes/ars_nouveau/source_berry_pie": {
    "criteria": {
      "has_journal": "2024-10-14 18:50:20 +0000"
    },
    "done": true
  },
  "feruchemy:feruchemy/aluminum": {
    "criteria": {
      "has_item": "2024-10-14 18:52:25 +0000"
    },
    "done": true
  },
  "ars_nouveau:recipes/ars_nouveau/smooth_sourcestone_basketweave_slab": {
    "criteria": {
      "has_journal": "2024-10-14 18:50:20 +0000"
    },
    "done": true
  },
  "ars_nouveau:recipes/ars_nouveau/magebloom_block": {
    "criteria": {
      "has_journal": "2024-10-14 18:50:20 +0000"
    },
    "done": true
  },
  "ars_nouveau:recipes/misc/air_essence_to_snow_bucket": {
    "criteria": {
      "has_journal": "2024-10-14 18:50:20 +0000"
    },
    "done": true
  },
  "ars_nouveau:recipes/ars_nouveau/smooth_sourcestone_small_bricks_stone_cutterslab": {
    "criteria": {
      "has_journal": "2024-10-14 18:50:20 +0000"
    },
    "done": true
  },
  "ars_nouveau:recipes/ars_nouveau/gilded_sourcestone_mosaic_stairs": {
    "criteria": {
      "has_journal": "2024-10-14 18:50:20 +0000"
    },
    "done": true
  },
  "ars_nouveau:recipes/ars_nouveau/smooth_gilded_sourcestone_alternating_stairs": {
    "criteria": {
      "has_journal": "2024-10-14 18:50:20 +0000"
    },
    "done": true
  },
  "ars_nouveau:recipes/ars_nouveau/ritual_brazier": {
    "criteria": {
      "has_journal": "2024-10-14 18:50:20 +0000"
    },
    "done": true
  },
  "ars_nouveau:recipes/ars_nouveau/gilded_sourcestone_large_bricks_slab": {
    "criteria": {
      "has_journal": "2024-10-14 18:50:20 +0000"
    },
    "done": true
  },
  "simplyswords:grant_book_on_first_join": {
    "criteria": {
      "tick": "2024-10-14 18:50:20 +0000"
    },
    "done": true
  },
  "ars_nouveau:recipes/ars_nouveau/enchanting_apparatus": {
    "criteria": {
      "has_journal": "2024-10-14 18:50:20 +0000"
    },
    "done": true
  },
  "ars_nouveau:recipes/ars_nouveau/smooth_sourcestone_alternating_stone_cutterslab": {
    "criteria": {
      "has_journal": "2024-10-14 18:50:20 +0000"
    },
    "done": true
  },
  "ars_nouveau:recipes/ars_nouveau/gilded_sourcestone_alternating_stone_cutterslab": {
    "criteria": {
      "has_journal": "2024-10-14 18:50:20 +0000"
    },
    "done": true
  },
  "ars_nouveau:recipes/ars_nouveau/smooth_sourcestone_basketweave_stone_cutterslab": {
    "criteria": {
      "has_journal": "2024-10-14 18:50:20 +0000"
    },
    "done": true
  },
  "ars_nouveau:recipes/ars_nouveau/gilded_sourcestone_alternating_to_sourcestone": {
    "criteria": {
      "has_journal": "2024-10-14 18:50:20 +0000"
    },
    "done": true
  },
  "ars_nouveau:recipes/ars_nouveau/sourcestone_alternating_slab": {
    "criteria": {
      "has_journal": "2024-10-14 18:50:20 +0000"
    },
    "done": true
  },
  "ars_nouveau:recipes/ars_nouveau/purple_sbed": {
    "criteria": {
      "has_journal": "2024-10-14 18:50:20 +0000"
    },
    "done": true
  },
  "ars_nouveau:recipes/ars_nouveau/ritual_warping": {
    "criteria": {
      "has_journal": "2024-10-14 18:50:20 +0000"
    },
    "done": true
  },
  "ars_nouveau:recipes/ars_nouveau/sourcestone_mosaic_stone_cutterslab": {
    "criteria": {
      "has_journal": "2024-10-14 18:50:20 +0000"
    },
    "done": true
  },
  "ars_nouveau:recipes/ars_nouveau/gilded_sourcestone_basketweave_stone_cutterslab": {
    "criteria": {
      "has_journal": "2024-10-14 18:50:20 +0000"
    },
    "done": true
  },
  "ars_nouveau:recipes/ars_nouveau/wilden_summon_alt": {
    "criteria": {
      "has_journal": "2024-10-14 18:50:20 +0000"
    },
    "done": true
  },
  "ars_nouveau:recipes/combat/spike_to_arrow": {
    "criteria": {
      "has_journal": "2024-10-14 18:50:20 +0000"
    },
    "done": true
  },
  "ars_nouveau:recipes/ars_nouveau/archwood_slab": {
    "criteria": {
      "has_journal": "2024-10-14 18:50:20 +0000"
    },
    "done": true
  },
  "ars_nouveau:recipes/ars_nouveau/ritual_scrying": {
    "criteria": {
      "has_journal": "2024-10-14 18:50:20 +0000"
    },
    "done": true
  },
  "ars_nouveau:recipes/ars_nouveau/ritual_forestation": {
    "criteria": {
      "has_journal": "2024-10-14 18:50:20 +0000"
    },
    "done": true
  },
  "tombstone:adventure/root": {
    "criteria": {
      "auto": "2024-10-14 18:50:21 +0000"
    },
    "done": true
  },
  "ars_nouveau:recipes/building_blocks/water_essence_to_obsidian": {
    "criteria": {
      "has_journal": "2024-10-14 18:50:20 +0000"
    },
    "done": true
  },
  "cataclysm:root": {
    "criteria": {
      "custom_test_name": "2024-10-14 18:50:20 +0000"
    },
    "done": true
  },
  "ars_nouveau:recipes/ars_nouveau/smooth_sourcestone_slab": {
    "criteria": {
      "has_journal": "2024-10-14 18:50:20 +0000"
    },
    "done": true
  },
  "ars_nouveau:recipes/ars_nouveau/ritual_burrowing": {
    "criteria": {
      "has_journal": "2024-10-14 18:50:20 +0000"
    },
    "done": true
  },
  "ars_nouveau:recipes/ars_nouveau/ritual_moonfall": {
    "criteria": {
      "has_journal": "2024-10-14 18:50:20 +0000"
    },
    "done": true
  },
  "ars_nouveau:recipes/ars_nouveau/smooth_sourcestone_stonecutter_stair": {
    "criteria": {
      "has_journal": "2024-10-14 18:50:20 +0000"
    },
    "done": true
  },
  "ars_nouveau:recipes/ars_nouveau/sourcestone_alternating_stone_cutterslab": {
    "criteria": {
      "has_journal": "2024-10-14 18:50:20 +0000"
    },
    "done": true
  },
  "ars_nouveau:recipes/ars_nouveau/relay": {
    "criteria": {
      "has_journal": "2024-10-14 18:50:20 +0000"
    },
    "done": true
  },
  "ars_nouveau:recipes/ars_nouveau/blaze_fiber": {
    "criteria": {
      "has_journal": "2024-10-14 18:50:20 +0000"
    },
    "done": true
  },
  "ars_nouveau:recipes/ars_nouveau/ritual_flight": {
    "criteria": {
      "has_journal": "2024-10-14 18:50:20 +0000"
    },
    "done": true
  },
  "ars_nouveau:recipes/ars_nouveau/ritual_overgrowth": {
    "criteria": {
      "has_journal": "2024-10-14 18:50:20 +0000"
    },
    "done": true
  },
  "ars_nouveau:recipes/ars_nouveau/smooth_gilded_sourcestone_basketweave_stonecutter_stair": {
    "criteria": {
      "has_journal": "2024-10-14 18:50:20 +0000"
    },
    "done": true
  },
  "ars_nouveau:recipes/building_blocks/manipulation_essence_to_granite": {
    "criteria": {
      "has_journal": "2024-10-14 18:50:20 +0000"
    },
    "done": true
  },
  "ars_nouveau:recipes/decorations/archwood_to_chest": {
    "criteria": {
      "has_journal": "2024-10-14 18:50:20 +0000"
    },
    "done": true
  },
  "allomancy:allomancy/root": {
    "criteria": {
      "tick": "2024-10-14 18:50:20 +0000"
    },
    "done": true
  },
  "ars_nouveau:recipes/ars_nouveau/ritual_conjure_island_desert": {
    "criteria": {
      "has_journal": "2024-10-14 18:50:20 +0000"
    },
    "done": true
  },
  "ars_nouveau:recipes/ars_nouveau/stripped_green_archwood_wood": {
    "criteria": {
      "has_journal": "2024-10-14 18:50:20 +0000"
    },
    "done": true
  },
  "ars_nouveau:recipes/ars_nouveau/smooth_sourcestone_mosaic_stairs": {
    "criteria": {
      "has_journal": "2024-10-14 18:50:20 +0000"
    },
    "done": true
  },
  "ars_nouveau:recipes/ars_nouveau/mob_jar": {
    "criteria": {
      "has_journal": "2024-10-14 18:50:20 +0000"
    },
    "done": true
  },
  "ars_nouveau:recipes/ars_nouveau/smooth_gilded_sourcestone_alternating_stone_cutterslab": {
    "criteria": {
      "has_journal": "2024-10-14 18:50:20 +0000"
    },
    "done": true
  },
  "ars_nouveau:recipes/ars_nouveau/smooth_gilded_sourcestone_small_bricks_to_sourcestone": {
    "criteria": {
      "has_journal": "2024-10-14 18:50:20 +0000"
    },
    "done": true
  },
  "ars_nouveau:recipes/ars_nouveau/sourcestone_small_bricks_stairs": {
    "criteria": {
      "has_journal": "2024-10-14 18:50:20 +0000"
    },
    "done": true
  },
  "feruchemy:feruchemy/bendalloy": {
    "criteria": {
      "has_item": "2024-10-14 18:53:01 +0000"
    },
    "done": true
  },
  "ars_nouveau:recipes/ars_nouveau/smooth_gilded_sourcestone_large_bricks_to_sourcestone": {
    "criteria": {
      "has_journal": "2024-10-14 18:50:20 +0000"
    },
    "done": true
  },
  "betterdungeons:root": {
    "criteria": {
      "always": "2024-10-14 18:50:20 +0000"
    },
    "done": true
  },
  "ars_nouveau:recipes/ars_nouveau/sourcestone_mosaic_slab": {
    "criteria": {
      "has_journal": "2024-10-14 18:50:20 +0000"
    },
    "done": true
  },
  "ars_nouveau:recipes/building_blocks/fire_essence_to_magma_block": {
    "criteria": {
      "has_journal": "2024-10-14 18:50:20 +0000"
    },
    "done": true
  },
  "ars_nouveau:recipes/ars_nouveau/gilded_sourcestone_small_bricks_stonecutter_stair": {
    "criteria": {
      "has_journal": "2024-10-14 18:50:20 +0000"
    },
    "done": true
  },
  "ars_nouveau:recipes/building_blocks/manipulation_essence_to_grass_block": {
    "criteria": {
      "has_journal": "2024-10-14 18:50:20 +0000"
    },
    "done": true
  },
  "ars_nouveau:recipes/ars_nouveau/alteration_table": {
    "criteria": {
      "has_journal": "2024-10-14 18:50:20 +0000"
    },
    "done": true
  },
  "ars_nouveau:recipes/ars_nouveau/sourcestone_basketweave_stairs": {
    "criteria": {
      "has_journal": "2024-10-14 18:50:20 +0000"
    },
    "done": true
  },
  "ars_nouveau:recipes/ars_nouveau/smooth_gilded_sourcestone_alternating_slab": {
    "criteria": {
      "has_journal": "2024-10-14 18:50:20 +0000"
    },
    "done": true
  },
  "ars_nouveau:recipes/ars_nouveau/ritual_harvest": {
    "criteria": {
      "has_journal": "2024-10-14 18:50:20 +0000"
    },
    "done": true
  },
  "ars_nouveau:recipes/ars_nouveau/smooth_sourcestone_small_bricks_to_sourcestone": {
    "criteria": {
      "has_journal": "2024-10-14 18:50:20 +0000"
    },
    "done": true
  },
  "ars_nouveau:recipes/ars_nouveau/smooth_gilded_sourcestone_large_bricks_stonecutter_stair": {
    "criteria": {
      "has_journal": "2024-10-14 18:50:20 +0000"
    },
    "done": true
  },
  "ars_nouveau:recipes/ars_nouveau/archwood_trapdoor": {
    "criteria": {
      "has_journal": "2024-10-14 18:50:20 +0000"
    },
    "done": true
  },
  "ars_nouveau:recipes/ars_nouveau/clear_allow": {
    "criteria": {
      "has_journal": "2024-10-14 18:50:20 +0000"
    },
    "done": true
  },
  "ars_nouveau:recipes/ars_nouveau/smooth_gilded_sourcestone_mosaic_stairs": {
    "criteria": {
      "has_journal": "2024-10-14 18:50:20 +0000"
    },
    "done": true
  },
  "ars_nouveau:recipes/ars_nouveau/sourcestone_large_bricks_stairs": {
    "criteria": {
      "has_journal": "2024-10-14 18:50:20 +0000"
    },
    "done": true
  },
  "ars_nouveau:recipes/ars_nouveau/smooth_gilded_sourcestone_basketweave_to_sourcestone": {
    "criteria": {
      "has_journal": "2024-10-14 18:50:20 +0000"
    },
    "done": true
  },
  "ars_nouveau:recipes/ars_nouveau/arcane_pedestal": {
    "criteria": {
      "has_journal": "2024-10-14 18:50:20 +0000"
    },
    "done": true
  },
  "minecraft:adventure/adventuring_time": {
    "criteria": {
      "minecraft:windswept_hills": "2024-10-14 18:50:21 +0000"
    },
    "done": false
  },
  "ars_nouveau:recipes/ars_nouveau/sourcestone_large_bricks_to_sourcestone": {
    "criteria": {
      "has_journal": "2024-10-14 18:50:20 +0000"
    },
    "done": true
  },
  "ars_nouveau:recipes/ars_nouveau/smooth_sourcestone_large_bricks_slab": {
    "criteria": {
      "has_journal": "2024-10-14 18:50:20 +0000"
    },
    "done": true
  },
  "ars_nouveau:recipes/ars_nouveau/arcane_platform": {
    "criteria": {
      "has_journal": "2024-10-14 18:50:20 +0000"
    },
    "done": true
  },
  "ars_nouveau:recipes/ars_nouveau/gilded_sourcestone_mosaic_stone_cutterslab": {
    "criteria": {
      "has_journal": "2024-10-14 18:50:20 +0000"
    },
    "done": true
  },
  "ars_nouveau:recipes/ars_nouveau/gilded_sourcestone_large_bricks_stone_cutterslab": {
    "criteria": {
      "has_journal": "2024-10-14 18:50:20 +0000"
    },
    "done": true
  },
  "ars_nouveau:recipes/ars_nouveau/spell_prism": {
    "criteria": {
      "has_journal": "2024-10-14 18:50:20 +0000"
    },
    "done": true
  },
  "ars_nouveau:recipes/building_blocks/manipulation_essence_to_deepslate": {
    "criteria": {
      "has_journal": "2024-10-14 18:50:20 +0000"
    },
    "done": true
  },
  "ars_nouveau:recipes/ars_nouveau/scry_to_blank_parchment": {
    "criteria": {
      "has_journal": "2024-10-14 18:50:20 +0000"
    },
    "done": true
  },
  "1_splatus:ultris/root": {
    "criteria": {
      "c1": "2024-10-14 18:50:20 +0000"
    },
    "done": true
  },
  "ars_nouveau:recipes/ars_nouveau/potion_jar": {
    "criteria": {
      "has_journal": "2024-10-14 18:50:20 +0000"
    },
    "done": true
  },
  "ars_nouveau:recipes/ars_nouveau/green_archwood_wood": {
    "criteria": {
      "has_journal": "2024-10-14 18:50:20 +0000"
    },
    "done": true
  },
  "ars_nouveau:recipes/ars_nouveau/smooth_sourcestone_alternating_stairs": {
    "criteria": {
      "has_journal": "2024-10-14 18:50:20 +0000"
    },
    "done": true
  },
  "ars_nouveau:recipes/ars_nouveau/magebloom_fiber": {
    "criteria": {
      "has_journal": "2024-10-14 18:50:20 +0000"
    },
    "done": true
  },
  "ars_nouveau:recipes/ars_nouveau/source_gem_block": {
    "criteria": {
      "has_journal": "2024-10-14 18:50:20 +0000"
    },
    "done": true
  },
  "ars_nouveau:recipes/building_blocks/manipulation_essence_to_tuff": {
    "criteria": {
      "has_journal": "2024-10-14 18:50:20 +0000"
    },
    "done": true
  },
  "ars_nouveau:recipes/ars_nouveau/smooth_gilded_sourcestone_large_bricks_stone_cutterslab": {
    "criteria": {
      "has_journal": "2024-10-14 18:50:20 +0000"
    },
    "done": true
  },
  "ars_nouveau:recipes/ars_nouveau/experience_gem": {
    "criteria": {
      "has_journal": "2024-10-14 18:50:20 +0000"
    },
    "done": true
  },
  "ars_nouveau:recipes/ars_nouveau/source_gem_block_2": {
    "criteria": {
      "has_journal": "2024-10-14 18:50:20 +0000"
    },
    "done": true
  },
  "ars_nouveau:recipes/ars_nouveau/sourcestone_small_bricks_to_sourcestone": {
    "criteria": {
      "has_journal": "2024-10-14 18:50:20 +0000"
    },
    "done": true
  },
  "ars_nouveau:recipes/ars_nouveau/moonfall_2": {
    "criteria": {
      "has_journal": "2024-10-14 18:50:20 +0000"
    },
    "done": true
  },
  "ars_nouveau:recipes/ars_nouveau/smooth_sourcestone_small_bricks_slab": {
    "criteria": {
      "has_journal": "2024-10-14 18:50:20 +0000"
    },
    "done": true
  },
  "ars_nouveau:recipes/ars_nouveau/archwood_door": {
    "criteria": {
      "has_journal": "2024-10-14 18:50:20 +0000"
    },
    "done": true
  },
  "ars_nouveau:recipes/ars_nouveau/smooth_gilded_sourcestone_large_bricks_stairs": {
    "criteria": {
      "has_journal": "2024-10-14 18:50:20 +0000"
    },
    "done": true
  },
  "ars_nouveau:recipes/ars_nouveau/ritual_gravity": {
    "criteria": {
      "has_journal": "2024-10-14 18:50:20 +0000"
    },
    "done": true
  },
  "ars_nouveau:recipes/ars_nouveau/gilded_sourcestone_large_bricks_stairs": {
    "criteria": {
      "has_journal": "2024-10-14 18:50:20 +0000"
    },
    "done": true
  },
  "ars_nouveau:recipes/ars_nouveau/gilded_sourcestone_mosaic_stonecutter_stair": {
    "criteria": {
      "has_journal": "2024-10-14 18:50:20 +0000"
    },
    "done": true
  },
  "ars_nouveau:recipes/ars_nouveau/sourcestone_large_bricks_slab": {
    "criteria": {
      "has_journal": "2024-10-14 18:50:20 +0000"
    },
    "done": true
  },
  "ars_nouveau:recipes/ars_nouveau/smooth_sourcestone_stone_cutterslab": {
    "criteria": {
      "has_journal": "2024-10-14 18:50:20 +0000"
    },
    "done": true
  },
  "ars_nouveau:recipes/ars_nouveau/rotating_turret_to_basic_spell_turret": {
    "criteria": {
      "has_journal": "2024-10-14 18:50:20 +0000"
    },
    "done": true
  },
  "ars_nouveau:recipes/ars_nouveau/sourcestone_alternating_to_sourcestone": {
    "criteria": {
      "has_journal": "2024-10-14 18:50:20 +0000"
    },
    "done": true
  },
  "ars_nouveau:recipes/ars_nouveau/basic_spell_turret": {
    "criteria": {
      "has_journal": "2024-10-14 18:50:20 +0000"
    },
    "done": true
  },
  "ars_nouveau:recipes/ars_nouveau/smooth_gilded_sourcestone_small_bricks_stonecutter_stair": {
    "criteria": {
      "has_journal": "2024-10-14 18:50:20 +0000"
    },
    "done": true
  },
  "ars_nouveau:recipes/ars_nouveau/vitalic_sourcelink": {
    "criteria": {
      "has_journal": "2024-10-14 18:50:20 +0000"
    },
    "done": true
  },
  "feruchemy:feruchemy/root": {
    "criteria": {
      "tick": "2024-10-14 18:50:20 +0000"
    },
    "done": true
  },
  "ars_nouveau:recipes/ars_nouveau/mirrorweave": {
    "criteria": {
      "has_journal": "2024-10-14 18:50:20 +0000"
    },
    "done": true
  },
  "ars_nouveau:recipes/ars_nouveau/manipulation_essence_to_cascading_sapling": {
    "criteria": {
      "has_journal": "2024-10-14 18:50:20 +0000"
    },
    "done": true
  },
  "ars_nouveau:recipes/ars_nouveau/smooth_sourcestone_alternating_to_sourcestone": {
    "criteria": {
      "has_journal": "2024-10-14 18:50:20 +0000"
    },
    "done": true
  },
  "feruchemy:feruchemy/copper": {
    "criteria": {
      "has_item": "2024-10-14 18:52:55 +0000"
    },
    "done": true
  },
  "ars_nouveau:recipes/ars_nouveau/smooth_gilded_sourcestone_basketweave_stone_cutterslab": {
    "criteria": {
      "has_journal": "2024-10-14 18:50:20 +0000"
    },
    "done": true
  },
  "ars_nouveau:recipes/ars_nouveau/redstone_relay": {
    "criteria": {
      "has_journal": "2024-10-14 18:50:20 +0000"
    },
    "done": true
  },
  "ars_nouveau:recipes/ars_nouveau/smooth_sourcestone_to_sourcestone": {
    "criteria": {
      "has_journal": "2024-10-14 18:50:20 +0000"
    },
    "done": true
  },
  "ars_nouveau:recipes/ars_nouveau/scryers_crystal": {
    "criteria": {
      "has_journal": "2024-10-14 18:50:20 +0000"
    },
    "done": true
  },
  "ars_nouveau:recipes/ars_nouveau/manipulation_essence_to_flourishing_sapling": {
    "criteria": {
      "has_journal": "2024-10-14 18:50:20 +0000"
    },
    "done": true
  },
  "ars_nouveau:recipes/ars_nouveau/smooth_gilded_sourcestone_large_bricks_slab": {
    "criteria": {
      "has_journal": "2024-10-14 18:50:20 +0000"
    },
    "done": true
  },
  "ars_nouveau:recipes/ars_nouveau/mimic_scroll": {
    "criteria": {
      "has_journal": "2024-10-14 18:50:20 +0000"
    },
    "done": true
  },
  "ars_nouveau:recipes/ars_nouveau/smooth_sourcestone_large_bricks_to_sourcestone": {
    "criteria": {
      "has_journal": "2024-10-14 18:50:20 +0000"
    },
    "done": true
  },
  "ars_nouveau:recipes/ars_nouveau/gilded_sourcestone_alternating_stairs": {
    "criteria": {
      "has_journal": "2024-10-14 18:50:20 +0000"
    },
    "done": true
  },
  "ars_nouveau:recipes/misc/horn_to_bonemeal": {
    "criteria": {
      "has_journal": "2024-10-14 18:50:20 +0000"
    },
    "done": true
  },
  "ars_nouveau:recipes/ars_nouveau/smooth_sourcestone_mosaic_to_sourcestone": {
    "criteria": {
      "has_journal": "2024-10-14 18:50:20 +0000"
    },
    "done": true
  },
  "ars_nouveau:recipes/ars_nouveau/wipe_spell_parchment": {
    "criteria": {
      "has_journal": "2024-10-14 18:50:20 +0000"
    },
    "done": true
  },
  "feruchemy:feruchemy/iron": {
    "criteria": {
      "has_item": "2024-10-14 18:52:17 +0000"
    },
    "done": true
  },
  "ars_nouveau:recipes/ars_nouveau/clear_deny": {
    "criteria": {
      "has_journal": "2024-10-14 18:50:20 +0000"
    },
    "done": true
  },
  "ars_nouveau:recipes/ars_nouveau/magelight_torch": {
    "criteria": {
      "has_journal": "2024-10-14 18:50:20 +0000"
    },
    "done": true
  },
  "DataVersion": 3120
}